"Blokk","Tabla","Mintazn","Ter","Tabla_1","Mntzn_1","labazon","ZonaTer","pH_KCl","KA","Ossz_so","CaCO3","Humusz","NO3_N","P2O5","K2O","Mg","Na","Zn","Cu","Mn","SO4","Termhly","KmhtsKt","TextrKt","OsszsKt","NaKat","CaCO3Kt","NONKat","NtrgnKt","P2O5Kat","K2OKat","MgKat","ZnKat","CuKat","MnKat","SO4Kat","_NDVImean","_NDVImedian","_NDVImin","_NDVImax","_NDVIrange","_NDVImajority"
"F5WEW717","UjLegelo_Also","AGT70",43.5,"UjLegelo_Also","AGT70","4340",2.62708964316478,4.9,45.6,0.02,0.2,2.52402536578172,12.1,104.4,250.237016354208,344.15,44.2533027522936,1.6892,4.0896,660.74,0.7,2,"savany�","agyagos v�lyog","alacsony s�tartalm�","megfelel�","m�sz hi�ny","k�zepes","j�","j�","j�","j�","j�","j�","t�lzott","gyenge",0.36242619338702,0.405183628201485,0.145333498716354,0.68171638250351,0.536382883787155,0.145333498716354
"F611WX17","Vizhaz_teto","AGT2",21.7,"Vizhaz_teto","AGT2","4290",2.2585457437198,6.2,44.8,0.021645097841436,0.2,2.14442338348862,9.8,35,307.592680490631,295.75,47.696765751728,1.2434,3.318,413.83,0.5,2,"gyeng�n savany�","agyagos v�lyog","alacsony s�tartalm�","megfelel�","m�sz hi�ny","gyenge","k�zepes","gyenge","j�","j�","gyenge","j�","t�lzott","gyenge",0.480931840288691,0.459361135959625,0.329372763633728,0.944339990615845,0.614967226982117,0.329372763633728
"F4XMWE17","Siskas","AGT3",22.15,"Siskas","AGT3","4291",1.15035937343295,5.6,41.6,0.02,0.2,2.25387713073535,5,97.2,290.016494845361,310.53125,47.3634020618557,1.6608,4.2918,475.405,0.5,2,"gyeng�n savany�","v�lyog","alacsony s�tartalm�","megfelel�","m�sz hi�ny","igen gyenge","k�zepes","k�zepes","j�","t�lzott","j�","j�","t�lzott","gyenge",0.400636850309766,0.404977321624756,0.263005375862122,0.444088280200958,0.181082904338837,0.263005375862122
"FQM1W417","Cserja_also","AGT4",11.52,"Cserja_also","AGT4","4292",3.85994296751133,5.3,46,0.02,0.2,2.49710781961267,16.9,69.6,250.147170412881,293.6875,45.4057050055795,1.6386,3.6522,396.24,0.79,2,"savany�","agyagos v�lyog","alacsony s�tartalm�","megfelel�","m�sz hi�ny","k�zepes","k�zepes","k�zepes","j�","j�","j�","j�","t�lzott","gyenge",0.302898364136695,0.306108295917511,0.108122251927853,0.457177728414536,0.349055476486683,0.108122251927853
"F6F7WL17","NagySzeles_Also","AGT55",36.8,"NagySzeles_Also","AGT55","4331",4.24591286968826,4.8,45.6,0.021451551071879,0.2,2.81148606824007,16.4,82.7,244.710592,441.9,42.171972,1.4844,3.626,438.275,0.76,2,"savany�","agyagos v�lyog","alacsony s�tartalm�","megfelel�","m�sz hi�ny","k�zepes","j�","k�zepes","j�","j�","gyenge","j�","t�lzott","gyenge",0.692812060846866,0.688323885202408,0.599900424480438,0.849275290966034,0.249374866485596,0.599900424480438
"F417W317","Lencses_tag","AGT6",23.42,"Lencses_tag","AGT6","4293",1.41065428478565,5.4,42,0.02,0.2,1.84482055456449,3.3,67.1,218.22229673093,344.475,31.4897936374885,1.3674,4.1636,399.58,0.5,2,"savany�","v�lyog","alacsony s�tartalm�","megfelel�","m�sz hi�ny","igen gyenge","gyenge","k�zepes","j�","t�lzott","gyenge","j�","t�lzott","gyenge",0.415877906051842,0.418093830347061,0.26883190870285,0.558210790157318,0.289378881454468,0.26883190870285
"FQM1W417","Cserja_also","AGT7",11.52,"Cserja_also","AGT7","4294",2.88817379684938,5.4,45.6,0.025074591486786,0.2,2.77951116214416,19.8,94.8,273.952509375249,323.73125,64.2536463735738,2.0778,4.5084,422.085,1.12,2,"savany�","agyagos v�lyog","alacsony s�tartalm�","megfelel�","m�sz hi�ny","k�zepes","j�","k�zepes","j�","j�","j�","j�","t�lzott","gyenge",0.371962867496748,0.377167075872421,0.221711993217468,0.659669816493988,0.43795782327652,0.221711993217468
"FQM1W417","Cserja_also","AGT8",11.52,"Cserja_also","AGT8","4295",2.49494784155189,6.7,46,0.031479675206778,0.273048928928028,2.69653702298572,21,454.7,689.05365034965,206.55375,32.5293526473527,5.281,4.894,405.915,1.68,1,"gyeng�n savany�","agyagos v�lyog","alacsony s�tartalm�","megfelel�","m�sz hi�ny","j�","k�zepes","t�lzott","t�lzott","j�","j�","j�","t�lzott","gyenge",0.446386495220516,0.43890768289566,0.262464374303818,0.958398044109344,0.695933669805527,0.40782755613327
"FQM1W417","Cserja_also","AGT9",11.52,"Cserja_also","AGT9","4296",2.2769353940874,5.5,45.2,0.025175458946944,0.2,2.40457872806091,20.5,92.7,280.36460021556,310.45625,52.5698874296435,2.98,5.206,621.74,0.82,2,"savany�","agyagos v�lyog","alacsony s�tartalm�","megfelel�","m�sz hi�ny","j�","k�zepes","k�zepes","j�","j�","j�","j�","t�lzott","gyenge",0.343144083820414,0.350424468517303,0.170286178588867,0.477104365825653,0.306818187236786,0.170286178588867
"F417W317","Lencses_tag","AGT10",23.42,"Lencses_tag","AGT10","4297",3.35449636258765,5.2,42,0.02,0.2,1.86112943026137,4,87.7,244.095602904796,277.8625,36.2770349533158,1.5846,3.7472,407.97,0.5,2,"savany�","v�lyog","alacsony s�tartalm�","megfelel�","m�sz hi�ny","igen gyenge","gyenge","k�zepes","j�","t�lzott","j�","j�","t�lzott","gyenge",0.491278237121743,0.515292704105377,0.176830142736435,0.622300088405609,0.445469945669174,0.176830142736435
"F417W317","Lencses_tag","AGT11",23.42,"Lencses_tag","AGT11","4298",4.25593346922651,5.2,42,0.02,0.2,1.92835260473138,4.3,63.8,210.824856413529,303.90625,28.9824585194639,1.5604,4.5472,591.27,0.5,2,"savany�","v�lyog","alacsony s�tartalm�","megfelel�","m�sz hi�ny","igen gyenge","k�zepes","k�zepes","j�","t�lzott","j�","j�","t�lzott","gyenge",0.488096282091163,0.489665627479553,0.324472784996033,0.560637831687927,0.236165046691895,0.324472784996033
"F417W317","Lencses_tag","AGT12",23.42,"Lencses_tag","AGT12","4299",2.20296978053413,5.3,43.6,0.02,0.2,2.03230692304574,4.1,83.1,233.65152022983,314.6625,38.9383429095842,1.7324,4.3904,498.23,0.5,2,"savany�","agyagos v�lyog","alacsony s�tartalm�","megfelel�","m�sz hi�ny","igen gyenge","k�zepes","k�zepes","j�","j�","j�","j�","t�lzott","gyenge",0.504136749134775,0.511925667524338,0.261046260595322,0.895100116729736,0.634053856134415,0.261046260595322
"F417W317","Lencses_tag","AGT13",23.42,"Lencses_tag","AGT13","4300",2.27087394712848,5.6,43.2,0.02,0.2,1.78966200453697,5.5,59.5,199.681367821131,346.23125,32.2542206368818,1.6538,4.2528,494.61,0.5,2,"gyeng�n savany�","agyagos v�lyog","alacsony s�tartalm�","megfelel�","m�sz hi�ny","gyenge","gyenge","gyenge","k�zepes","j�","j�","j�","t�lzott","gyenge",0.41928662660352,0.41043858230114,0.247441649436951,0.762457728385925,0.515016078948975,0.247441649436951
"F417W317","Lencses_tag","AGT14",23.42,"Lencses_tag","AGT14","4301",2.00014487591406,5.2,43.2,0.02,0.2,1.80966399984071,4.2,43.3,197.04179283346,306.525,35.9088223544921,1.3276,3.5682,458.7,0.5,2,"savany�","agyagos v�lyog","alacsony s�tartalm�","megfelel�","m�sz hi�ny","igen gyenge","gyenge","gyenge","k�zepes","j�","gyenge","j�","t�lzott","gyenge",0.448729264618728,0.444642782211304,0.328908652067184,0.855590105056763,0.526681452989578,0.328908652067184
"F417W317","Lencses_tag","AGT15",23.42,"Lencses_tag","AGT15","4302",3.60161462258932,5.1,44,0.02,0.2,2.02220599400475,4.1,47.4,188.845289956437,311.03125,42.4476439790576,1.4836,4.4306,585.965,0.5,2,"savany�","agyagos v�lyog","alacsony s�tartalm�","megfelel�","m�sz hi�ny","igen gyenge","k�zepes","gyenge","k�zepes","j�","gyenge","j�","t�lzott","gyenge",0.429605159467245,0.431561082601547,0.308000415563583,0.543691754341125,0.235691338777542,0.308000415563583
"F417W317","Lencses_tag","AGT16",23.42,"Lencses_tag","AGT16","4303",4.3233126572342,5.1,44.4,0.02,0.2,1.82221381431195,3.4,47.4,201.219666107517,282.1875,37.8811965811966,1.38,3.7702,452.27,0.5,2,"savany�","agyagos v�lyog","alacsony s�tartalm�","megfelel�","m�sz hi�ny","igen gyenge","gyenge","gyenge","k�zepes","j�","gyenge","j�","t�lzott","gyenge",0.483972228660777,0.448917165398598,0.28913015127182,0.78578245639801,0.49665230512619,0.28913015127182
"F4XMWE17","Siskas","AGT17",22.15,"Siskas","AGT17","4304",2.35617688201526,5.1,45.6,0.02,0.2,2.46453803603702,6.2,85.1,245.919104895105,322.40625,51.8944795204795,1.3268,3.493,405.23,0.67,2,"savany�","agyagos v�lyog","alacsony s�tartalm�","megfelel�","m�sz hi�ny","gyenge","k�zepes","k�zepes","j�","j�","gyenge","j�","t�lzott","gyenge",0.521531938978537,0.518221199512482,0.244486317038536,0.936212539672852,0.691726222634315,0.244486317038536
"F4XMWE17","Siskas","AGT18",22.15,"Siskas","AGT18","4305",2.69700071072786,5,46,0.02,0.2,2.33358403478225,4.2,64,223.895853454125,387.7125,44.1403659655984,1.5156,3.6552,420.715,0.56,2,"savany�","agyagos v�lyog","alacsony s�tartalm�","megfelel�","m�sz hi�ny","igen gyenge","k�zepes","k�zepes","j�","j�","j�","j�","t�lzott","gyenge",0.431757529126642,0.433087557554245,0.208463788032532,0.546762228012085,0.338298439979553,0.208463788032532
"F4XMWE17","Siskas","AGT19",22.15,"Siskas","AGT19","4306",4.60015082360862,5.2,46,0.02,0.2,2.28088584410545,7.6,84.6,225.342302014762,389.61875,50.86285058847,1.6664,3.5248,410.715,0.5,2,"savany�","agyagos v�lyog","alacsony s�tartalm�","megfelel�","m�sz hi�ny","gyenge","k�zepes","k�zepes","j�","j�","j�","j�","t�lzott","gyenge",0.50030710181642,0.492963686585426,0.376511037349701,0.594919621944427,0.218408584594727,0.469801068305969
"F4XMWE17","Siskas","AGT20",22.15,"Siskas","AGT20","4307",2.09709789426474,5.2,45.2,0.02,0.2,2.84534339229969,6,74.2,226.485873813512,348.86875,45.2658510808008,1.7054,3.8204,460.915,0.5,2,"savany�","agyagos v�lyog","alacsony s�tartalm�","megfelel�","m�sz hi�ny","gyenge","j�","k�zepes","j�","j�","j�","j�","t�lzott","gyenge",0.53273295018408,0.493891954421997,0.44069904088974,0.826581180095673,0.385882139205933,0.44069904088974
"F4XMWE17","Siskas","AGT21",22.15,"Siskas","AGT21","4308",3.21745770762168,5.1,45.2,0.02,0.2,2.56662045042191,4.2,78,249.813184357542,393.98125,47.0597346368715,1.3336,3.3218,392.225,0.5,2,"savany�","agyagos v�lyog","alacsony s�tartalm�","megfelel�","m�sz hi�ny","igen gyenge","j�","k�zepes","j�","j�","gyenge","j�","t�lzott","gyenge",0.457600895650145,0.444704502820969,0.370253175497055,0.870641708374023,0.500388532876968,0.370253175497055
"F4XMWE17","Siskas","AGT22",22.15,"Siskas","AGT22","4309",4.12414233095526,5.1,42.8,0.02,0.2,2.411231712684,4.7,61.2,192.947052004637,411.175,47.2572910420914,1.226,3.5102,389.415,0.5,2,"savany�","agyagos v�lyog","alacsony s�tartalm�","megfelel�","m�sz hi�ny","igen gyenge","k�zepes","k�zepes","k�zepes","j�","gyenge","j�","t�lzott","gyenge",0.469062726352816,0.46943262219429,0.388821214437485,0.539862513542175,0.151041299104691,0.388821214437485
"F4XMWE17","Siskas","AGT23",22.15,"Siskas","AGT23","4310",1.90761427737364,5,44,0.02,0.2,2.29342362071018,7.5,97.6,291.064636722331,344.33125,41.120738511817,1.4684,3.755,402.735,0.64,2,"savany�","agyagos v�lyog","alacsony s�tartalm�","megfelel�","m�sz hi�ny","gyenge","k�zepes","k�zepes","j�","j�","gyenge","j�","t�lzott","gyenge",0.392617420622365,0.400344341993332,0.174814969301224,0.487887024879456,0.313072055578232,0.174814969301224
"F611WX17","Vizhaz_teto","AGT29",21.7,"Vizhaz_teto","AGT29","4310A",3.24044995576289,6.4,43.6,0.026385868468832,0.2,1.87865929044625,9.9,53,201.060932071403,305.94375,29.9292080987181,1.243,2.8972,370.43,0.5,2,"gyeng�n savany�","agyagos v�lyog","alacsony s�tartalm�","megfelel�","m�sz hi�ny","gyenge","gyenge","gyenge","k�zepes","j�","gyenge","j�","t�lzott","gyenge",0.514548904669759,0.485944747924805,0.27322044968605,0.953394174575806,0.680173724889755,0.27322044968605
"F611WX17","Vizhaz_teto","AGT30",21.7,"Vizhaz_teto","AGT30","4311",2.89003403203895,4.9,44.4,0.02,0.2,2.21520314896499,7.4,29.7,177.599024585249,311.7375,41.2262242654407,1.0936,2.9772,311.225,0.84,2,"savany�","agyagos v�lyog","alacsony s�tartalm�","megfelel�","m�sz hi�ny","gyenge","k�zepes","igen gyenge","k�zepes","j�","gyenge","j�","t�lzott","gyenge",0.483142726355358,0.47963958978653,0.420394271612167,0.653843581676483,0.233449310064316,0.420394271612167
"F611WX17","Vizhaz_teto","AGT31",21.7,"Vizhaz_teto","AGT31","4312",1.50514415568154,5.3,46.8,0.02,0.2,2.29419001791221,9.3,53.6,248.464836350557,311.55625,51.1231826719418,1.8674,4.0264,508.955,0.7,2,"savany�","agyagos v�lyog","alacsony s�tartalm�","megfelel�","m�sz hi�ny","gyenge","k�zepes","gyenge","j�","j�","j�","j�","t�lzott","gyenge",0.469831531410975,0.468618005514145,0.414601176977158,0.523780465126038,0.10917928814888,0.414601176977158
"F611WX17","Vizhaz_teto","AGT32",21.7,"Vizhaz_teto","AGT32","4313",3.23120186678884,5.3,44.4,0.02,0.2,2.10411948338128,9.4,41.1,231.612273361227,339.8625,94.4103486750349,1.6316,4.2768,515.49,1.01,2,"savany�","agyagos v�lyog","alacsony s�tartalm�","enyh�n szikes","m�sz hi�ny","gyenge","k�zepes","gyenge","j�","j�","j�","j�","t�lzott","gyenge",0.461554565888185,0.462054491043091,0.388648599386215,0.511468112468719,0.122819513082504,0.388648599386215
"F611WX17","Vizhaz_teto","AGT33",21.7,"Vizhaz_teto","AGT33","4314",2.54896702076717,5,46,0.02,0.2,2.07063156638063,11.1,38.2,207.871030051483,360.85625,94.4586143592609,1.516,3.5898,437.18,0.93,2,"savany�","agyagos v�lyog","alacsony s�tartalm�","enyh�n szikes","m�sz hi�ny","k�zepes","k�zepes","gyenge","k�zepes","j�","j�","j�","t�lzott","gyenge",0.476676453021355,0.480611771345139,0.310341417789459,0.68884265422821,0.378501236438751,0.310341417789459
"F611WX17","Vizhaz_teto","AGT34",21.7,"Vizhaz_teto","AGT34","4315",4.16570397888973,5,46,0.02,0.2,2.07433721046443,8.3,43.9,219.377726347712,307.01875,69.604391285264,1.3284,3.4686,390.31,0.62,2,"savany�","agyagos v�lyog","alacsony s�tartalm�","megfelel�","m�sz hi�ny","gyenge","k�zepes","gyenge","j�","j�","gyenge","j�","t�lzott","gyenge",0.457902807769158,0.456744253635406,0.292497009038925,0.550825417041779,0.258328408002853,0.292497009038925
"F611WX17","Vizhaz_teto","AGT35",21.7,"Vizhaz_teto","AGT35","4316",1.85995324635109,4.9,43.2,0.02,0.2,2.11993591884657,11.9,26.6,194.222564922093,329.23125,52.2145025968837,1.5772,3.923,468.225,0.82,2,"savany�","agyagos v�lyog","alacsony s�tartalm�","megfelel�","m�sz hi�ny","k�zepes","k�zepes","igen gyenge","k�zepes","j�","j�","j�","t�lzott","gyenge",0.508352870928412,0.50795578956604,0.447657704353333,0.693396925926208,0.245739221572876,0.447657704353333
"F5WEW717","UjLegelo_Felso","AGT36",30,"UjLegelo_Felso","AGT36","4317",3.58910370121232,5.3,46,0.02,0.2,2.22894172716236,5.5,141.6,252.873644710579,303.7875,53.2106606786427,2.2562,3.6616,497.95,0.5,2,"savany�","agyagos v�lyog","alacsony s�tartalm�","megfelel�","m�sz hi�ny","gyenge","k�zepes","j�","j�","j�","j�","j�","t�lzott","gyenge",0.647439032383673,0.644577354192734,0.427954435348511,0.849557101726532,0.421602666378021,0.606469988822937
"F5WEW717","UjLegelo_Felso","AGT38",30,"UjLegelo_Felso","AGT38","4318",4.31680389753357,5.3,43.2,0.02,0.2,2.27266730541845,5.7,54.2,202.649986006157,367.13125,36.5779177162049,1.4556,3.5936,493.86,0.5,2,"savany�","agyagos v�lyog","alacsony s�tartalm�","megfelel�","m�sz hi�ny","gyenge","k�zepes","gyenge","k�zepes","j�","gyenge","j�","t�lzott","gyenge",0.650881952350189,0.63593578338623,0.392559230327606,0.898874878883362,0.506315648555756,0.392559230327606
"F5WEW717","UjLegelo_Felso","AGT40",30,"UjLegelo_Felso","AGT40","4320",4.87191940025696,5.4,44.4,0.02,0.2,2.17784296868584,5.7,52.6,206.92862795252,341.00625,71.6533511850046,1.4752,3.4472,482.075,0.5,2,"savany�","agyagos v�lyog","alacsony s�tartalm�","megfelel�","m�sz hi�ny","gyenge","k�zepes","gyenge","k�zepes","j�","gyenge","j�","t�lzott","gyenge",0.603864458629063,0.601890712976456,0.539794683456421,0.719157814979553,0.179363131523132,0.539794683456421
"F5WEW717","UjLegelo_Felso","AGT47",30,"UjLegelo_Felso","AGT47","4326",1.13890693153752,5.3,42,0.02,0.2,2.08447228333941,2.7,60.6,179.485675448767,392.45625,43.2823531763483,1.3048,3.444,467.725,0.5,2,"savany�","v�lyog","alacsony s�tartalm�","megfelel�","m�sz hi�ny","igen gyenge","k�zepes","k�zepes","k�zepes","t�lzott","gyenge","j�","t�lzott","gyenge",0.59903286954631,0.597937762737274,0.528728544712067,0.665050029754639,0.136321485042572,0.528728544712067
"F5WEW717","UjLegelo_Felso","AGT43",30,"UjLegelo_Felso","AGT43","4323",1.53752480426662,5.2,43.6,0.02,0.2,2.28705173527856,6.1,51.7,185.541288363171,430.00625,45.5982077205882,1.7058,4.2652,616.17,0.5,2,"savany�","agyagos v�lyog","alacsony s�tartalm�","megfelel�","m�sz hi�ny","gyenge","k�zepes","gyenge","k�zepes","j�","j�","j�","t�lzott","gyenge",0.60797056807326,0.622643411159515,0.163081258535385,0.691434144973755,0.52835288643837,0.163081258535385
"F6F7WL17","NagySzeles_Also","AGT56",36.8,"NagySzeles_Also","AGT56","4332",2.53417295636718,4.9,45.2,0.02,0.2,2.84058124475987,8.9,44.5,229.235288476906,291.86875,40.1876478344254,1.3016,3.7138,425.58,0.5,2,"savany�","agyagos v�lyog","alacsony s�tartalm�","megfelel�","m�sz hi�ny","gyenge","j�","gyenge","j�","j�","gyenge","j�","t�lzott","gyenge",0.635585968999706,0.626477777957916,0.414831608533859,0.802141308784485,0.387309700250626,0.414831608533859
"F6F7WL17","NagySzeles_Also","AGT57",36.8,"NagySzeles_Also","AGT57","4333",2.87391113247252,4.9,45.6,0.021602875157629,0.2,2.8766671830182,19.4,94.1,335.739085322053,333.25,45.1933753691436,1.405,3.241,419.045,0.54,2,"savany�","agyagos v�lyog","alacsony s�tartalm�","megfelel�","m�sz hi�ny","k�zepes","j�","k�zepes","igen j�","j�","gyenge","j�","t�lzott","gyenge",0.721924217077937,0.688520342111588,0.513984620571136,0.946979880332947,0.43299525976181,0.513984620571136
"F6F7WL17","NagySzeles_Also","AGT58",36.8,"NagySzeles_Also","AGT58","4334",3.58849174465768,5.6,49.6,0.023519646910467,0.2,2.79182638019293,13.8,238.8,543.165122963909,286.93125,39.4369929734909,3.333,4.0242,484.445,0.71,2,"gyeng�n savany�","agyagos v�lyog","alacsony s�tartalm�","megfelel�","m�sz hi�ny","k�zepes","j�","igen j�","t�lzott","j�","j�","j�","t�lzott","gyenge",0.722096597973038,0.725748270750046,0.552598237991333,0.855261266231537,0.302663028240204,0.552598237991333
"F6F7WL17","NagySzeles_Also","AGT59",36.8,"NagySzeles_Also","AGT59","4335",4.72693180391072,5,48,0.02,0.2,2.45787297106065,10.5,70.9,217.037979733504,377.1,46.8824343732546,1.2774,3.3478,402.015,0.54,2,"savany�","agyagos v�lyog","alacsony s�tartalm�","megfelel�","m�sz hi�ny","k�zepes","k�zepes","k�zepes","j�","j�","gyenge","j�","t�lzott","gyenge",0.637326121464809,0.625242352485657,0.428434371948242,0.958600461483002,0.53016608953476,0.428434371948242
"F6F7WL17","NagySzeles_Also","AGT60",36.8,"NagySzeles_Also","AGT60","4336",1.35886381224555,5,49.2,0.023418764186633,0.2,2.8053389112632,17.1,100,480.97023757237,310.5625,21.4149790377321,2.108,4.1174,520.74,0.77,2,"savany�","agyagos v�lyog","alacsony s�tartalm�","megfelel�","m�sz hi�ny","k�zepes","j�","k�zepes","igen j�","j�","j�","j�","t�lzott","gyenge",0.725649673026055,0.716475427150726,0.653393685817719,0.842414855957031,0.189021170139313,0.653393685817719
"F6F7WL17","NagySzeles_Also","AGT61",36.8,"NagySzeles_Also","AGT61","4337",2.46191327078533,4.9,47.6,0.021098461538462,0.2,2.52873821901811,13.5,66.4,286.598086124402,307.7125,35.7488596491228,1.642,4.6392,628.29,0.65,2,"savany�","agyagos v�lyog","alacsony s�tartalm�","megfelel�","m�sz hi�ny","k�zepes","j�","k�zepes","j�","j�","j�","j�","t�lzott","gyenge",0.655191481240794,0.664553433656693,0,0.876081228256226,0.876081228256226,0
"F6F7WL17","NagySzeles_Also","AGT62",36.8,"NagySzeles_Also","AGT62","4338",2.74905369443691,4.9,45.6,0.02,0.2,2.44895228065305,12.7,59.3,255.02349936143,368.125,45.248754789272,1.4364,3.7936,461.29,0.7,2,"savany�","agyagos v�lyog","alacsony s�tartalm�","megfelel�","m�sz hi�ny","k�zepes","k�zepes","gyenge","j�","j�","gyenge","j�","t�lzott","gyenge",0.671070354226034,0.675207734107971,0.548055171966553,0.716186702251434,0.168131530284882,0.548055171966553
"F6F7WL17","NagySzeles_Also","AGT63",36.8,"NagySzeles_Also","AGT63","4339",4.57990456520345,4.9,45.6,0.02,0.2,2.46277792610168,11.4,52.1,261.714283435045,371.375,22.3392006700969,1.5936,4.1212,499.155,0.84,2,"savany�","agyagos v�lyog","alacsony s�tartalm�","megfelel�","m�sz hi�ny","k�zepes","k�zepes","gyenge","j�","j�","j�","j�","t�lzott","gyenge",0.672075058183362,0.673279762268066,0.563124299049377,0.725371241569519,0.162246942520142,0.563124299049377
"F5WEW717","UjLegelo_Felso","AGT1",30,"UjLegelo_Felso","AGT1","4289",4.53470761331356,6.3,43.2,0.02,0.2,2.35702463178037,4.3,62.6,1274.74556477345,308,43.932871330568,2.4848,5.2218,824.595,0.5,2,"gyeng�n savany�","agyagos v�lyog","alacsony s�tartalm�","megfelel�","m�sz hi�ny","igen gyenge","k�zepes","k�zepes","t�lzott","j�","j�","j�","t�lzott","gyenge",0.657589463684178,0.650479435920715,0.466308921575546,0.951514601707458,0.485205680131912,0.466308921575546
"F5WEW717","UjLegelo_Felso","AGT44",30,"UjLegelo_Felso","AGT44","4324",2.05609960051376,5.3,42.8,0.02,0.2,1.94736743668692,3.5,68.4,182.722274124646,375.60625,65.8712121212121,1.1376,3.113,427.18,0.5,2,"savany�","agyagos v�lyog","alacsony s�tartalm�","megfelel�","m�sz hi�ny","igen gyenge","k�zepes","k�zepes","k�zepes","j�","gyenge","j�","t�lzott","gyenge",0.61451779189063,0.614530503749847,0.533063650131226,0.670592069625854,0.137528419494629,0.533063650131226
"F5WEW717","UjLegelo_Felso","AGT45",30,"UjLegelo_Felso","AGT45","4325",1.61475055750102,5.3,43.6,0.02,0.2,2.09050268549191,4.9,57,199.978364116095,346.7,45.8389981610298,1.376,4.1548,542.505,0.5,2,"savany�","agyagos v�lyog","alacsony s�tartalm�","megfelel�","m�sz hi�ny","igen gyenge","k�zepes","gyenge","k�zepes","j�","gyenge","j�","t�lzott","gyenge",0.633389855424563,0.639977902173996,0.351556867361069,0.689370274543762,0.337813407182693,0.351556867361069
"F5WEW717","UjLegelo_Felso","AGT42",30,"UjLegelo_Felso","AGT42","4322",1.97733044889662,5.4,44,0.02,0.2,2.00112062755143,4.8,71.5,200.41159211736,466.66875,46.1683834992205,1.4102,3.5232,491.5,0.5,2,"savany�","agyagos v�lyog","alacsony s�tartalm�","megfelel�","m�sz hi�ny","igen gyenge","k�zepes","k�zepes","k�zepes","j�","gyenge","j�","t�lzott","gyenge",0.614476863075705,0.609912157058716,0.49262547492981,0.762287139892578,0.269661664962769,0.49262547492981
"F5WEW717","UjLegelo_Felso","AGT39",30,"UjLegelo_Felso","AGT39","4319",2.5269270779046,5.6,44.8,0.02,0.2,1.68454565678517,5,53.3,170.19316184694,348.075,50.0107145710177,1.3348,3.353,477.045,0.5,2,"gyeng�n savany�","agyagos v�lyog","alacsony s�tartalm�","megfelel�","m�sz hi�ny","igen gyenge","gyenge","gyenge","k�zepes","j�","gyenge","j�","t�lzott","gyenge",0.594769991705051,0.594961851835251,0.44387274980545,0.685514092445374,0.241641342639923,0.44387274980545
"F5WEW717","UjLegelo_Felso","AGT41",30,"UjLegelo_Felso","AGT41","4321",1.83592596706344,6.3,42.8,0.025125025216865,0.2,2.00830597989452,3.7,71.1,275.302829812674,362.4125,94.9267935432443,1.3088,3.0284,429.355,0.5,2,"gyeng�n savany�","agyagos v�lyog","alacsony s�tartalm�","enyh�n szikes","m�sz hi�ny","igen gyenge","k�zepes","k�zepes","j�","j�","gyenge","j�","t�lzott","gyenge",0.567646486582337,0.596048414707184,0.221821635961533,0.668598055839539,0.446776419878006,0.221821635961533
"F6F7WL17","NagySzeles_Also","AGT51",36.8,"NagySzeles_Also","AGT51","4327",1.61868767700885,4.9,46.8,0.02,0.2,2.87322962016257,16.3,49.7,197.707755492643,487.26875,51.7073089038638,1.209,3.5354,428.97,0.73,2,"savany�","agyagos v�lyog","alacsony s�tartalm�","megfelel�","m�sz hi�ny","k�zepes","j�","gyenge","k�zepes","j�","gyenge","j�","t�lzott","gyenge",0.674794667845319,0.675089120864868,0.64116096496582,0.718166351318359,0.0770053863525391,0.64116096496582
"F6F7WL17","NagySzeles_Also","AGT52",36.8,"NagySzeles_Also","AGT52","4328",1.38841990115344,5.1,45.2,0.02,0.2,2.65813963361786,11.9,55.2,205.948379888268,372.05625,36.35973264166,1.0846,3.2794,400.345,0.5,2,"savany�","agyagos v�lyog","alacsony s�tartalm�","megfelel�","m�sz hi�ny","k�zepes","j�","gyenge","k�zepes","j�","gyenge","j�","t�lzott","gyenge",0.635839523677539,0.634908735752106,0.58943772315979,0.698862731456757,0.109425008296967,0.58943772315979
"F6F7WL17","NagySzeles_Also","AGT53",36.8,"NagySzeles_Also","AGT53","4329",2.15602931043645,4.8,46.4,0.02,0.2,2.83621291628211,13.8,57.2,927.494973671613,398.425,42.3098432264241,1.103,3.573,414.52,0.5,2,"savany�","agyagos v�lyog","alacsony s�tartalm�","megfelel�","m�sz hi�ny","k�zepes","j�","gyenge","t�lzott","j�","gyenge","j�","t�lzott","gyenge",0.661789582056158,0.664981842041016,0.595353722572327,0.700684070587158,0.105330348014832,0.595353722572327
"F6F7WL17","NagySzeles_Also","AGT54",36.8,"NagySzeles_Also","AGT54","4330",2.51770726163366,5,47.2,0.02,0.2,2.72081027324931,12,68.3,267.519721744693,301.9,38.3317854715548,1.182,3.6462,437.285,0.61,2,"savany�","agyagos v�lyog","alacsony s�tartalm�","megfelel�","m�sz hi�ny","k�zepes","j�","k�zepes","j�","j�","gyenge","j�","t�lzott","gyenge",0.616188349194546,0.629165649414062,0.334681838750839,0.689360499382019,0.35467866063118,0.334681838750839
"F5WEW717","UjLegelo_Also","AGT71",43.5,"UjLegelo_Also","AGT71","4341",3.70766408527247,5.6,43.6,0.031943354350567,0.2,2.61415235824169,20.6,105.6,312.649206539553,319.275,42.1325118919135,1.619,3.5638,494.625,1.78,2,"gyeng�n savany�","agyagos v�lyog","alacsony s�tartalm�","megfelel�","m�sz hi�ny","j�","j�","j�","igen j�","j�","j�","j�","t�lzott","gyenge",0.275641823118874,0.278820842504501,0.205266833305359,0.355477690696716,0.150210857391357,0.205266833305359
"F5WEW717","UjLegelo_Also","AGT72",43.5,"UjLegelo_Also","AGT72","4342",3.63980599086948,5.2,46,0.028412459016393,0.2,2.39042249182553,18.1,86.8,245.98200294903,301.34375,34.3517873510541,1.3578,3.6844,482.375,1.09,2,"savany�","agyagos v�lyog","alacsony s�tartalm�","megfelel�","m�sz hi�ny","k�zepes","k�zepes","k�zepes","j�","j�","gyenge","j�","t�lzott","gyenge",0.270385253308124,0.274958997964859,0.19283401966095,0.47003561258316,0.277201592922211,0.19283401966095
"F5WEW717","UjLegelo_Also","AGT73",43.5,"UjLegelo_Also","AGT73","4343",2.1300611453814,5.2,43.2,0.023721412358134,0.2,2.73882401061142,14.7,101.7,321.353975363942,327.88125,46.6182330827068,1.6438,4.411,596.695,0.94,2,"savany�","agyagos v�lyog","alacsony s�tartalm�","megfelel�","m�sz hi�ny","k�zepes","j�","j�","igen j�","j�","j�","j�","t�lzott","gyenge",0.287442014217377,0.24296785145998,0.186948627233505,0.6036616563797,0.416713029146194,0.186948627233505
"F5WEW717","UjLegelo_Also","AGT74",43.5,"UjLegelo_Also","AGT74","4344",2.06609170007344,5.2,42.8,0.024528474148802,0.2,2.15042019231166,9.6,84.2,207.564784,353.24375,35.452476,1.3444,3.4896,479.65,1.39,2,"savany�","agyagos v�lyog","alacsony s�tartalm�","megfelel�","m�sz hi�ny","gyenge","k�zepes","k�zepes","k�zepes","j�","gyenge","j�","t�lzott","gyenge",0.250016671738454,0.243456676602364,0.186393603682518,0.579370737075806,0.392977133393288,0.186393603682518
"F5WEW717","UjLegelo_Also","AGT75",43.5,"UjLegelo_Also","AGT75","4345",1.4059480539568,5.5,44.4,0.030631878940731,0.2,2.24428051820926,21.8,79.6,294.659487957822,395.30625,35.4151955106443,1.5624,3.5858,491.885,1.76,2,"savany�","agyagos v�lyog","alacsony s�tartalm�","megfelel�","m�sz hi�ny","j�","k�zepes","k�zepes","j�","j�","j�","j�","t�lzott","gyenge",0.286941872937466,0.28841844201088,0.237763196229935,0.316274493932724,0.0785112977027893,0.237763196229935
"F5WEW717","UjLegelo_Also","AGT76",43.5,"UjLegelo_Also","AGT76","4346",4.18038561778872,5.3,44.4,0.024831122320303,0.2,2.18911921920518,15.6,74.8,221.448027758944,322.55,33.051274279105,1.4848,3.791,568.695,0.91,2,"savany�","agyagos v�lyog","alacsony s�tartalm�","megfelel�","m�sz hi�ny","k�zepes","k�zepes","k�zepes","j�","j�","gyenge","j�","t�lzott","gyenge",0.246026195886761,0.246466584503651,0.126309022307396,0.300680130720139,0.174371108412743,0.126309022307396
"F5WEW717","UjLegelo_Also","AGT77",43.5,"UjLegelo_Also","AGT77","4347",4.56192665956421,4.9,42,0.024276267339218,0.2,2.15020967405027,17.2,55.4,189.831772268136,298.76875,34.1969237832874,1.2914,3.3178,482.075,0.87,2,"savany�","v�lyog","alacsony s�tartalm�","megfelel�","m�sz hi�ny","k�zepes","k�zepes","gyenge","k�zepes","t�lzott","gyenge","j�","t�lzott","gyenge",0.295182207809097,0.256397545337677,0.135598361492157,0.738664746284485,0.603066384792328,0.135598361492157
"F5WEW717","UjLegelo_Also","AGT78",43.5,"UjLegelo_Also","AGT78","4348",2.4475685947375,5.1,44,0.02518421185372,0.2,2.4757409274432,20,69.2,218.529730161903,342.6125,33.6032620427743,1.0832,3.0748,407.54,1.08,2,"savany�","agyagos v�lyog","alacsony s�tartalm�","megfelel�","m�sz hi�ny","k�zepes","k�zepes","k�zepes","j�","j�","gyenge","j�","t�lzott","gyenge",0.295475160899545,0.29813152551651,0.225985616445541,0.327697515487671,0.10171189904213,0.225985616445541
"F5WEW717","UjLegelo_Also","AGT79",43.5,"UjLegelo_Also","AGT79","4349",4.14504176889422,5.2,46.4,0.028210693568726,0.2,2.19138269695871,26.3,53.4,208.850561663002,353.10625,38.7543793723766,1.2428,3.3064,434.295,1.23,2,"savany�","agyagos v�lyog","alacsony s�tartalm�","megfelel�","m�sz hi�ny","j�","k�zepes","gyenge","k�zepes","j�","gyenge","j�","t�lzott","gyenge",0.291328355934046,0.292616158723831,0.226086765527725,0.336046695709229,0.109959930181503,0.226086765527725
"F5WEW717","UjLegelo_Also","AGT80",43.5,"UjLegelo_Also","AGT80","4350",2.06508820997296,5.2,44.4,0.022409936948298,0.2,2.16757807622433,18.1,103.3,285.164228032302,365.19375,28.7493103861837,1.2326,2.8288,395.735,1.04,2,"savany�","agyagos v�lyog","alacsony s�tartalm�","megfelel�","m�sz hi�ny","k�zepes","k�zepes","j�","j�","j�","gyenge","j�","t�lzott","gyenge",0.324497106262875,0.260031700134277,0.153367102146149,0.731281280517578,0.577914178371429,0.153367102146149
"F5WEW717","UjLegelo_Also","AGT81",43.5,"UjLegelo_Also","AGT81","4351",2.16601748528822,5.2,44.4,0.022611702395965,0.2,2.15159716465696,10.2,69.7,217.973896015666,296.43125,38.1026255844623,1.5274,3.3952,483.48,0.92,2,"savany�","agyagos v�lyog","alacsony s�tartalm�","megfelel�","m�sz hi�ny","k�zepes","k�zepes","k�zepes","j�","j�","j�","j�","t�lzott","gyenge",0.274113244939559,0.265431612730026,0.22405181825161,0.773303985595703,0.549252167344093,0.22405181825161
"F5WEW717","UjLegelo_Also","AGT82",43.5,"UjLegelo_Also","AGT82","4352",2.39011077971042,5.4,45.2,0.028261134930643,0.2,2.49498764580377,19.5,119.3,274.26128091414,391.71875,40.954822406009,1.73,4.172,566.645,1.18,2,"savany�","agyagos v�lyog","alacsony s�tartalm�","megfelel�","m�sz hi�ny","k�zepes","k�zepes","j�","j�","j�","j�","j�","t�lzott","gyenge",0.286985135381728,0.28770649433136,0.246395319700241,0.328712940216064,0.0823176205158234,0.246395319700241
"F5WEW717","UjLegelo_Also","AGT83",43.5,"UjLegelo_Also","AGT83","4353",2.46470573697838,5.3,47.2,0.026142597730139,0.2,2.35826092456311,19.4,124.3,304.396736913664,391.8125,43.3727096413004,1.7924,4.1774,565.5,1.23,2,"savany�","agyagos v�lyog","alacsony s�tartalm�","megfelel�","m�sz hi�ny","k�zepes","k�zepes","j�","j�","j�","j�","j�","t�lzott","gyenge",0.306921817829918,0.3104527592659,0.19375067949295,0.350633502006531,0.15688282251358,0.19375067949295
"F5WEW717","UjLegelo_Also","AGT84",43.5,"UjLegelo_Also","AGT84","4354",3.50249452834698,5.3,44,0.024578915510719,0.2,2.00573280970224,16.2,104.1,230.077904237051,330.4,48.4790144163572,1.1976,2.8254,392.4,1.15,2,"savany�","agyagos v�lyog","alacsony s�tartalm�","megfelel�","m�sz hi�ny","k�zepes","k�zepes","j�","j�","j�","gyenge","j�","t�lzott","gyenge",0.330706306160933,0.299147248268127,0.241067498922348,0.803118348121643,0.562050849199295,0.241067498922348
"F611WX17","Bajer_also","AGT87",30,"Bajer_also","AGT87","5461",2.24409541000297,5.4,46,0.02,0.2,2.2,6.9,58.4,174.9,248.2,49.6,1.8,3.7,426.6,0.5,2,"savany�","agyagos v�lyog","alacsony s�tartalm�","megfelel�","m�sz hi�ny","gyenge","k�zepes","gyenge","k�zepes","j�","j�","j�","t�lzott","gyenge",0.604575613431171,0.602856576442719,0.363529622554779,0.79455304145813,0.431023418903351,0.363529622554779
"F6F7WL17","NagySzeles_Felso","AGT97",32,"NagySzeles_Felso","AGT97","5462",3.73792989862204,5.2,45,0.02,0.2,2.3,8,41.4,196,303.3,42,1,3,399.3,0.5,2,"savany�","agyagos v�lyog","alacsony s�tartalm�","megfelel�","m�sz hi�ny","gyenge","k�zepes","gyenge","k�zepes","j�","gyenge","j�","t�lzott","gyenge",0.469473217126619,0.492579191923141,0.129432648420334,0.578944623470306,0.449511975049973,0.129432648420334
"FPWEWR17","Sebo_lapos","AGT99",8,"Sebo_lapos","AGT99","5463",1.90855587145281,5.8,51,0.03,0.2,3.9,23,632.8,924.4,322.7,45.4,4.2,5,489.5,0.81,3,"gyeng�n savany�","agyag","alacsony s�tartalm�","megfelel�","m�sz hi�ny","j�","j�","t�lzott","t�lzott","j�","j�","j�","t�lzott","gyenge",0.545193031430244,0.55160915851593,0.369963228702545,0.647306799888611,0.277343571186066,0.369963228702545
"F9F7YR17","UjCs_Bogo","AGT102",13.46,"UjCs_Bogo","AGT102","5464",3.33792815106923,4.9,45,0.02,0.2,1.8,3.6,33.8,221.3,309.6,49.1,0.8,2.5,318.7,0.5,2,"savany�","agyagos v�lyog","alacsony s�tartalm�","megfelel�","m�sz hi�ny","igen gyenge","gyenge","gyenge","j�","j�","gyenge","j�","t�lzott","gyenge",0.453682484669483,0.415126979351044,0.328086286783218,0.981306433677673,0.653220146894455,0.328086286783218
"F9F7YR17","UjCs_Bogo","AGT103",13.46,"UjCs_Bogo","AGT103","5465",0.703488073589479,5,44,0.02,0.2,1.9,3.9,53.2,243.7,316.4,38.2,1,2.9,343.3,0.5,2,"savany�","agyagos v�lyog","alacsony s�tartalm�","megfelel�","m�sz hi�ny","igen gyenge","gyenge","gyenge","j�","j�","gyenge","j�","t�lzott","gyenge",0.465182326013042,0.446044608950615,0.315622419118881,0.745779514312744,0.430157095193863,0.315622419118881
"F9F7YR17","UjCs_Bogo","AGT104",13.46,"UjCs_Bogo","AGT104","5466",3.10256144176649,5.5,45,0.02,0.2,1.6,3.9,40.7,208.1,284.3,37.1,0.9,2.5,360,0.5,2,"savany�","agyagos v�lyog","alacsony s�tartalm�","megfelel�","m�sz hi�ny","igen gyenge","gyenge","gyenge","k�zepes","j�","gyenge","j�","t�lzott","gyenge",0.370200852251479,0.369962647557259,0.234119281172752,0.555877506732941,0.321758225560188,0.234119281172752
"F9F7YR17","UjCs_Bogo","AGT105",13.46,"UjCs_Bogo","AGT105","5467",1.97209483671618,6.8,44,0.03,0.2,1.4,4.2,59.3,202.3,261.8,41.9,1,2.3,303.7,0.5,1,"gyeng�n savany�","agyagos v�lyog","alacsony s�tartalm�","megfelel�","m�sz hi�ny","igen gyenge","igen gyenge","gyenge","k�zepes","j�","gyenge","j�","t�lzott","gyenge",0.381171797189796,0.394674271345139,0.166779935359955,0.480443894863129,0.313663959503174,0.166779935359955
"F9F7YR17","UjCs_Bogo","AGT106",13.46,"UjCs_Bogo","AGT106","5468",4.34392749685862,5.8,46,0.02,0.2,1.7,5.1,40.2,203,342.5,43.5,0.8,2.4,338.5,0.53,2,"gyeng�n savany�","agyagos v�lyog","alacsony s�tartalm�","megfelel�","m�sz hi�ny","gyenge","gyenge","gyenge","k�zepes","j�","gyenge","j�","t�lzott","gyenge",0.377171331853197,0.364451259374619,0.054045669734478,0.927936673164368,0.87389100342989,0.054045669734478
"FPWEWR17","Sebo_lapos","AGT109",8,"Sebo_lapos","AGT109","5469",2.33009890281099,6.9,55,0.03,0.2,4,25.4,651.7,772.6,693.8,175.7,4.3,6.1,515,1.35,5,"semleges","agyag","alacsony s�tartalm�","szikes","m�sz hi�ny","j�","j�","t�lzott","t�lzott","t�lzott","j�","j�","t�lzott","gyenge",0.651184545771423,0.63355940580368,0.337565988302231,0.871776342391968,0.534210354089737,0.337565988302231
"FPWEWR17","Sebo_lapos","AGT110",8,"Sebo_lapos","AGT110","5470",3.7613452257362,6.2,52,0.03,0.2,3.6,18.6,1342.5,1181.2,385.7,52.3,5.2,5,458.7,0.5,3,"gyeng�n savany�","agyag","alacsony s�tartalm�","megfelel�","m�sz hi�ny","k�zepes","j�","t�lzott","t�lzott","j�","j�","j�","t�lzott","gyenge",0.491773717933231,0.501445919275284,0.285156905651093,0.736514508724213,0.45135760307312,0.285156905651093
"F611WX17","Bajer_also","AGT141",30,"Bajer_also","AGT141","5471",3.45116644131035,5.1,44,0.02,0.2,2.1,9.7,65.1,285.4,285.1,50.5,2,3.4,415.8,0.5,2,"savany�","agyagos v�lyog","alacsony s�tartalm�","megfelel�","m�sz hi�ny","gyenge","k�zepes","k�zepes","j�","j�","j�","j�","t�lzott","gyenge",0.688541205278758,0.681129425764084,0.493183493614197,0.879250049591064,0.386066555976868,0.493183493614197
"F611WX17","Bajer_also","AGT142",30,"Bajer_also","AGT142","5472",2.68103744212813,5.2,46,0.02,0.2,2.3,7.6,74.5,347.6,229.4,40.5,1.5,2.8,349.9,0.5,2,"savany�","agyagos v�lyog","alacsony s�tartalm�","megfelel�","m�sz hi�ny","gyenge","k�zepes","k�zepes","igen j�","j�","gyenge","j�","t�lzott","gyenge",0.667819268782349,0.672058671712875,0.460961997509003,0.834662437438965,0.373700439929962,0.460961997509003
"F611WX17","Bajer_also","AGT143",30,"Bajer_also","AGT143","5473",3.03181540620444,5.1,45,0.02,0.2,2.1,13.2,46.4,242.7,260.7,49.6,1.5,3.1,370.2,0.5,2,"savany�","agyagos v�lyog","alacsony s�tartalm�","megfelel�","m�sz hi�ny","k�zepes","k�zepes","gyenge","j�","j�","gyenge","j�","t�lzott","gyenge",0.635736290814434,0.638815879821777,0.46881228685379,0.811593413352966,0.342781126499176,0.46881228685379
"F611WX17","Bajer_also","AGT144",30,"Bajer_also","AGT144","5474",1.63459371924302,5,44,0.02,0.2,2,6.5,42.2,235.3,229.5,66.4,1.5,3.4,409.6,0.5,2,"savany�","agyagos v�lyog","alacsony s�tartalm�","megfelel�","m�sz hi�ny","gyenge","k�zepes","gyenge","j�","j�","gyenge","j�","t�lzott","gyenge",0.617336137005777,0.622649431228638,0.42675456404686,0.765169501304626,0.338414937257767,0.42675456404686
"F611WX17","Bajer_also","AGT145",30,"Bajer_also","AGT145","5475",7.4462038100586,4.7,44,0.02,0.2,1.6,6.3,53.3,259.9,266.1,48.2,0.9,2.4,275,0.61,2,"savany�","agyagos v�lyog","alacsony s�tartalm�","megfelel�","m�sz hi�ny","gyenge","gyenge","gyenge","j�","j�","gyenge","j�","t�lzott","gyenge",0.476454507505118,0.485528290271759,0.0879153236746788,0.777929902076721,0.690014578402042,0.421777248382568
"F611WX17","Bajer_also","AGT146",30,"Bajer_also","AGT146","5476",2.38611853945632,4.6,44,0.02,0.2,1.9,7.9,58.6,254.2,244,49.1,1.2,3,336.5,0.68,2,"savany�","agyagos v�lyog","alacsony s�tartalm�","megfelel�","m�sz hi�ny","gyenge","gyenge","gyenge","j�","j�","gyenge","j�","t�lzott","gyenge",0.57086971094293,0.579121112823486,0.296026855707169,0.706812500953674,0.410785645246506,0.296026855707169
"F611WX17","Bajer_also","AGT147",30,"Bajer_also","AGT147","5477",5.92881877847611,5,44,0.02,0.2,1.8,8.5,34.1,222,342.5,50,0.9,2.2,310.5,0.5,2,"savany�","agyagos v�lyog","alacsony s�tartalm�","megfelel�","m�sz hi�ny","gyenge","gyenge","gyenge","j�","j�","gyenge","j�","t�lzott","gyenge",0.55760773602596,0.553496956825256,0.287294238805771,0.819468021392822,0.532173782587051,0.287294238805771
"F611WX17","Bajer_also","AGT148",30,"Bajer_also","AGT148","5478",1.19615045312007,4.9,44,0.02,0.2,1.9,5.9,43.3,235.4,346.6,44.8,1,2.6,337.5,0.54,2,"savany�","agyagos v�lyog","alacsony s�tartalm�","megfelel�","m�sz hi�ny","gyenge","gyenge","gyenge","j�","j�","gyenge","j�","t�lzott","gyenge",0.546254966130927,0.543176293373108,0.428204715251923,0.664521455764771,0.236316740512848,0.428204715251923
"F6F7WL17","NagySzeles_Felso","AGT154",32,"NagySzeles_Felso","AGT154","5479",2.92576259442967,5,47,0.02,0.2,2.5,10.6,46,328.9,275.9,47,1.2,3,355.6,0.59,2,"savany�","agyagos v�lyog","alacsony s�tartalm�","megfelel�","m�sz hi�ny","k�zepes","k�zepes","gyenge","igen j�","j�","gyenge","j�","t�lzott","gyenge",0.497937258543366,0.503033041954041,0.205260321497917,0.739974737167358,0.534714415669441,0.205260321497917
"F6F7WL17","NagySzeles_Felso","AGT155",32,"NagySzeles_Felso","AGT155","5480",2.11679020284295,5.2,46,0.02,0.2,2.7,7.3,70.3,344.7,284.5,47.9,1.3,3.2,411.9,0.56,2,"savany�","agyagos v�lyog","alacsony s�tartalm�","megfelel�","m�sz hi�ny","gyenge","j�","k�zepes","igen j�","j�","gyenge","j�","t�lzott","gyenge",0.46464428829926,0.479005545377731,0.219371646642685,0.732128262519836,0.512756615877151,0.219371646642685
"F6F7WL17","NagySzeles_Felso","AGT156",32,"NagySzeles_Felso","AGT156","5481",2.06525669370572,5.3,47,0.02,0.2,2.4,9.6,39.2,321.6,299.5,50.4,1.3,3.1,413.4,0.95,2,"savany�","agyagos v�lyog","alacsony s�tartalm�","megfelel�","m�sz hi�ny","gyenge","k�zepes","gyenge","igen j�","j�","gyenge","j�","t�lzott","gyenge",0.502436473896337,0.497999668121338,0.375274658203125,0.761593043804169,0.386318385601044,0.375274658203125
"F6F7WL17","NagySzeles_Felso","AGT157",32,"NagySzeles_Felso","AGT157","5482",4.97150400777787,5.2,46,0.02,0.2,2.6,5.9,40.6,353.3,300.8,41.4,1.1,3.2,383.7,0.63,2,"savany�","agyagos v�lyog","alacsony s�tartalm�","megfelel�","m�sz hi�ny","gyenge","j�","gyenge","igen j�","j�","gyenge","j�","t�lzott","gyenge",0.501438075084557,0.50135213136673,0.379047513008118,0.60647189617157,0.227424383163452,0.379047513008118
"F6F7WL17","NagySzeles_Felso","AGT158",32,"NagySzeles_Felso","AGT158","5483",2.2518049475059,5.1,46,0.02,0.2,2.4,9.9,53.9,372.1,257.2,54.7,1.2,3.6,443.7,0.6,2,"savany�","agyagos v�lyog","alacsony s�tartalm�","megfelel�","m�sz hi�ny","gyenge","k�zepes","gyenge","igen j�","j�","gyenge","j�","t�lzott","gyenge",0.520195610884927,0.511172205209732,0.43037948012352,0.732072949409485,0.301693469285965,0.486389338970184
"F6F7WL17","NagySzeles_Felso","AGT159",32,"NagySzeles_Felso","AGT159","5484",1.629563382581,6.7,46,0.03,0.2,2.3,5.6,64.8,239.6,225.3,60.3,1.1,2.6,333.6,0.5,1,"gyeng�n savany�","agyagos v�lyog","alacsony s�tartalm�","megfelel�","m�sz hi�ny","gyenge","gyenge","gyenge","k�zepes","j�","gyenge","j�","t�lzott","gyenge",0.410843626110854,0.397652804851532,0.171919196844101,0.860672950744629,0.688753753900528,0.171919196844101
"F6F7WL17","NagySzeles_Felso","AGT160",32,"NagySzeles_Felso","AGT160","5485",2.36904000592963,5.2,46,0.02,0.2,2.6,8.6,34,282.3,319.5,37.8,1.1,3.1,369.4,0.68,2,"savany�","agyagos v�lyog","alacsony s�tartalm�","megfelel�","m�sz hi�ny","gyenge","j�","gyenge","j�","j�","gyenge","j�","t�lzott","gyenge",0.505702688626432,0.505655884742737,0.442980229854584,0.637131333351135,0.194151103496552,0.442980229854584
"F6F7WL17","NagySzeles_Felso","AGT161",32,"NagySzeles_Felso","AGT161","5486",4.16456581152611,5.2,46,0.02,0.2,2.6,5.6,43.4,400.9,211.3,42.1,1,3.1,362.5,0.5,2,"savany�","agyagos v�lyog","alacsony s�tartalm�","megfelel�","m�sz hi�ny","gyenge","j�","gyenge","igen j�","j�","gyenge","j�","t�lzott","gyenge",0.522539241950462,0.522837579250336,0.406619727611542,0.686796307563782,0.28017657995224,0.406619727611542
"F6F7WL17","NagySzeles_Felso","AGT162",32,"NagySzeles_Felso","AGT162","5487",2.32211034572075,5.2,46,0.02,0.2,2.3,8.4,36.2,304.8,293.8,50,1,3.4,406.8,0.55,2,"savany�","agyagos v�lyog","alacsony s�tartalm�","megfelel�","m�sz hi�ny","gyenge","k�zepes","gyenge","j�","j�","gyenge","j�","t�lzott","gyenge",0.498430395151075,0.498840421438217,0.432088941335678,0.562395334243774,0.130306392908096,0.432088941335678
"F6F7WL17","NagySzeles_Felso","AGT163",32,"NagySzeles_Felso","AGT163","5488",3.44567210935836,5.1,46,0.02,0.2,2.2,5,57.1,345.2,153.7,53.7,1.4,3.3,376.9,0.5,2,"savany�","agyagos v�lyog","alacsony s�tartalm�","megfelel�","m�sz hi�ny","igen gyenge","k�zepes","gyenge","igen j�","k�zepes","gyenge","j�","t�lzott","gyenge",0.493060028914249,0.509599387645721,0.188141033053398,0.839119791984558,0.65097875893116,0.188141033053398
"FQF7W517","Retfold","AGT176",34.4,"Retfold","AGT176","5489",2.03907074283308,6,48,0.03,0.2,2.5,10.6,251.2,695.5,215.9,43.4,6.5,4.9,427.3,0.5,2,"gyeng�n savany�","agyagos v�lyog","alacsony s�tartalm�","megfelel�","m�sz hi�ny","k�zepes","k�zepes","igen j�","t�lzott","j�","j�","j�","t�lzott","gyenge",0.803364487319458,0.851673603057861,0.0418845564126968,0.942867994308472,0.900983437895775,0.0418845564126968
"FQF7W517","Retfold","AGT185",34.4,"Retfold","AGT185","5490",3.28231802676535,5,44,0.02,0.2,2.3,3.4,64.9,338.9,252.7,53,1.5,3.2,354.9,0.5,2,"savany�","agyagos v�lyog","alacsony s�tartalm�","megfelel�","m�sz hi�ny","igen gyenge","k�zepes","k�zepes","igen j�","j�","gyenge","j�","t�lzott","gyenge",0.728968254026072,0.742181479930878,0.472649395465851,0.8007852435112,0.328135848045349,0.472649395465851
"FQF7W517","Retfold","AGT186",34.4,"Retfold","AGT186","5491",3.33730482038883,5,44,0.02,0.2,2,5.6,44.8,321.3,272.5,46.1,1.1,3.2,399.8,0.5,2,"savany�","agyagos v�lyog","alacsony s�tartalm�","megfelel�","m�sz hi�ny","gyenge","k�zepes","gyenge","igen j�","j�","gyenge","j�","t�lzott","gyenge",0.794430210204895,0.794095575809479,0.715762317180634,0.86699378490448,0.151231467723846,0.715762317180634
"FQF7W517","Retfold","AGT187",34.4,"Retfold","AGT187","5492",1.5515244562614,5,44,0.02,0.2,2.2,6.1,47.8,277.5,284,41,1.2,3.4,377.3,0.5,2,"savany�","agyagos v�lyog","alacsony s�tartalm�","megfelel�","m�sz hi�ny","gyenge","k�zepes","gyenge","j�","j�","gyenge","j�","t�lzott","gyenge",0.769652874291349,0.777801215648651,0.616179943084717,0.851491630077362,0.235311686992645,0.616179943084717
"FQF7W517","Retfold","AGT188",34.4,"Retfold","AGT188","5493",2.30712256417523,5,46,0.02,0.2,2.1,8.5,59.4,387.8,289.2,44.9,1.5,3.8,399.4,0.58,2,"savany�","agyagos v�lyog","alacsony s�tartalm�","megfelel�","m�sz hi�ny","gyenge","k�zepes","gyenge","igen j�","j�","gyenge","j�","t�lzott","gyenge",0.790175808478246,0.792278528213501,0.607241809368134,0.869078576564789,0.261836767196655,0.607241809368134
"FQF7W517","Retfold","AGT189",34.4,"Retfold","AGT189","5494",2.60101929528499,5.1,46,0.02,0.2,1.9,5.4,200.6,403.8,266.4,50.3,1.2,3.3,371.2,0.58,2,"savany�","agyagos v�lyog","alacsony s�tartalm�","megfelel�","m�sz hi�ny","gyenge","gyenge","igen j�","igen j�","j�","gyenge","j�","t�lzott","gyenge",0.762117964052505,0.780641198158264,0.340502500534058,0.870962142944336,0.530459642410278,0.340502500534058
"FQF7W517","Retfold","AGT190",34.4,"Retfold","AGT190","5495",4.34066639537905,4.8,43,0.02,0.2,2,4.9,52.1,351.8,283.5,62.8,1.1,3.7,416.3,0.64,2,"savany�","agyagos v�lyog","alacsony s�tartalm�","megfelel�","m�sz hi�ny","igen gyenge","k�zepes","gyenge","igen j�","j�","gyenge","j�","t�lzott","gyenge",0.714172664437896,0.73170992732048,0.302191615104675,0.806698262691498,0.504506647586823,0.302191615104675
"FQF7W517","Retfold","AGT191",34.4,"Retfold","AGT191","5496",2.36631729913664,4.9,45,0.02,0.2,2.1,6.4,44.3,330.8,270.7,68.2,1,3.4,380.4,0.5,2,"savany�","agyagos v�lyog","alacsony s�tartalm�","megfelel�","m�sz hi�ny","gyenge","k�zepes","gyenge","igen j�","j�","gyenge","j�","t�lzott","gyenge",0.747467500395356,0.746577978134155,0.635808944702148,0.810494542121887,0.174685597419739,0.635808944702148
"FQF7W517","Retfold","AGT192",34.4,"Retfold","AGT192","5497",4.2799133746529,5,44,0.02,0.2,2.2,6.1,69.3,384.6,300,93.2,1.2,3.2,366.6,0.54,2,"savany�","agyagos v�lyog","alacsony s�tartalm�","enyh�n szikes","m�sz hi�ny","gyenge","k�zepes","k�zepes","igen j�","j�","gyenge","j�","t�lzott","gyenge",0.800776288789861,0.803041815757751,0.548609435558319,0.868626236915588,0.320016801357269,0.548609435558319
"FQF7W517","Retfold","AGT193",34.4,"Retfold","AGT193","5498",3.47808197979084,4.9,45,0.02,0.2,2,7,133.6,283.5,260.8,42.8,1,3.1,339.8,0.5,2,"savany�","agyagos v�lyog","alacsony s�tartalm�","megfelel�","m�sz hi�ny","gyenge","k�zepes","j�","j�","j�","gyenge","j�","t�lzott","gyenge",0.734477563479612,0.756649136543274,0.255242347717285,0.812182605266571,0.556940257549286,0.255242347717285
"FQF7W517","Retfold","AGT194",34.4,"Retfold","AGT194","5499",2.70038465290231,4.8,46,0.02,0.2,2,10.8,48.6,266.8,289.4,44.1,1.2,3.2,366.6,0.5,2,"savany�","agyagos v�lyog","alacsony s�tartalm�","megfelel�","m�sz hi�ny","k�zepes","k�zepes","gyenge","j�","j�","gyenge","j�","t�lzott","gyenge",0.733425268191187,0.75140318274498,0.110600620508194,0.816660106182098,0.706059485673904,0.110600620508194
"FQF7W517","Retfold","AGT195",34.4,"Retfold","AGT195","5500",2.11627639242939,5,44,0.02,0.2,1.7,4.6,52.2,265,213.8,46.2,1.3,3.2,364.4,0.5,2,"savany�","agyagos v�lyog","alacsony s�tartalm�","megfelel�","m�sz hi�ny","igen gyenge","gyenge","gyenge","j�","j�","gyenge","j�","t�lzott","gyenge",0.726265001382554,0.760302066802979,0.189565747976303,0.918105602264404,0.728539854288101,0.189565747976303
